onset	duration	sample	type	value
4.96484375	0	1272	trigger	201
6.96484375	0	1784	trigger	202
8.96484375	0	2296	trigger	203
9.99609375	0	2560	trigger	102
10.15234375	0	2600	trigger	2
10.30859375	0	2640	trigger	5
10.43359375	0	2672	trigger	1
10.58984375	0	2712	trigger	3
10.74609375	0	2752	trigger	1
10.90234375	0	2792	trigger	3
11.05859375	0	2832	trigger	5
11.18359375	0	2864	trigger	4
11.37109375	0	2912	trigger	2
11.49609375	0	2944	trigger	1
11.65234375	0	2984	trigger	2
11.80859375	0	3024	trigger	5
11.96484375	0	3064	trigger	3
12.08984375	0	3096	trigger	4
12.27734375	0	3144	trigger	5
12.43359375	0	3184	trigger	4
12.55859375	0	3216	trigger	3
12.71484375	0	3256	trigger	2
12.87109375	0	3296	trigger	1
13.02734375	0	3336	trigger	2
13.15234375	0	3368	trigger	1
13.33984375	0	3416	trigger	4
13.46484375	0	3448	trigger	5
13.62109375	0	3488	trigger	3
13.77734375	0	3528	trigger	2
13.93359375	0	3568	trigger	1
14.08984375	0	3608	trigger	3
14.21484375	0	3640	trigger	5
14.37109375	0	3680	trigger	4
14.52734375	0	3720	trigger	1
14.68359375	0	3760	trigger	3
14.83984375	0	3800	trigger	2
14.99609375	0	3840	trigger	4
15.12109375	0	3872	trigger	5
15.27734375	0	3912	trigger	4
15.43359375	0	3952	trigger	5
15.58984375	0	3992	trigger	3
15.74609375	0	4032	trigger	1
15.87109375	0	4064	trigger	2
16.05859375	0	4112	trigger	5
16.18359375	0	4144	trigger	4
16.33984375	0	4184	trigger	2
16.49609375	0	4224	trigger	3
16.65234375	0	4264	trigger	1
16.80859375	0	4304	trigger	4
16.93359375	0	4336	trigger	5
17.08984375	0	4376	trigger	2
17.24609375	0	4416	trigger	1
17.40234375	0	4456	trigger	3
17.55859375	0	4496	trigger	1
17.71484375	0	4536	trigger	3
17.83984375	0	4568	trigger	5
17.99609375	0	4608	trigger	2
18.15234375	0	4648	trigger	4
18.30859375	0	4688	trigger	1
18.46484375	0	4728	trigger	5
18.62109375	0	4768	trigger	3
18.77734375	0	4808	trigger	4
18.90234375	0	4840	trigger	2
19.05859375	0	4880	trigger	4
19.21484375	0	4920	trigger	5
19.37109375	0	4960	trigger	2
19.52734375	0	5000	trigger	3
19.65234375	0	5032	trigger	1
19.83984375	0	5080	trigger	3
19.96484375	0	5112	trigger	1
20.12109375	0	5152	trigger	5
20.27734375	0	5192	trigger	2
20.43359375	0	5232	trigger	4
20.58984375	0	5272	trigger	5
20.71484375	0	5304	trigger	1
20.90234375	0	5352	trigger	4
21.02734375	0	5384	trigger	3
21.18359375	0	5424	trigger	2
21.33984375	0	5464	trigger	4
21.49609375	0	5504	trigger	1
21.62109375	0	5536	trigger	2
21.77734375	0	5576	trigger	5
21.93359375	0	5616	trigger	3
22.08984375	0	5656	trigger	5
22.24609375	0	5696	trigger	3
22.40234375	0	5736	trigger	1
22.55859375	0	5776	trigger	4
22.68359375	0	5808	trigger	2
22.83984375	0	5848	trigger	4
22.99609375	0	5888	trigger	3
23.15234375	0	5928	trigger	1
23.30859375	0	5968	trigger	2
23.43359375	0	6000	trigger	5
23.58984375	0	6040	trigger	4
23.74609375	0	6080	trigger	5
23.90234375	0	6120	trigger	2
24.05859375	0	6160	trigger	3
24.21484375	0	6200	trigger	1
24.33984375	0	6232	trigger	3
24.52734375	0	6280	trigger	1
24.65234375	0	6312	trigger	2
24.80859375	0	6352	trigger	4
24.96484375	0	6392	trigger	5
25.12109375	0	6432	trigger	4
25.27734375	0	6472	trigger	5
25.40234375	0	6504	trigger	1
25.55859375	0	6544	trigger	3
25.71484375	0	6584	trigger	2
25.87109375	0	6624	trigger	4
26.02734375	0	6664	trigger	1
26.15234375	0	6696	trigger	2
26.33984375	0	6744	trigger	3
26.46484375	0	6776	trigger	5
26.62109375	0	6816	trigger	2
26.77734375	0	6856	trigger	5
26.93359375	0	6896	trigger	1
27.08984375	0	6936	trigger	4
27.21484375	0	6968	trigger	3
27.40234375	0	7016	trigger	4
27.52734375	0	7048	trigger	3
27.68359375	0	7088	trigger	5
27.83984375	0	7128	trigger	1
27.99609375	0	7168	trigger	2
28.15234375	0	7208	trigger	5
28.27734375	0	7240	trigger	2
28.43359375	0	7280	trigger	4
28.58984375	0	7320	trigger	3
28.74609375	0	7360	trigger	1
28.90234375	0	7400	trigger	2
29.05859375	0	7440	trigger	1
29.18359375	0	7472	trigger	4
29.33984375	0	7512	trigger	3
29.49609375	0	7552	trigger	5
29.65234375	0	7592	trigger	2
29.80859375	0	7632	trigger	3
29.93359375	0	7664	trigger	1
30.12109375	0	7712	trigger	4
30.24609375	0	7744	trigger	5
30.40234375	0	7784	trigger	2
30.55859375	0	7824	trigger	5
30.71484375	0	7864	trigger	4
30.87109375	0	7904	trigger	1
30.99609375	0	7936	trigger	3
31.15234375	0	7976	trigger	5
31.30859375	0	8016	trigger	3
31.46484375	0	8056	trigger	4
31.62109375	0	8096	trigger	2
31.77734375	0	8136	trigger	1
31.90234375	0	8168	trigger	4
32.05859375	0	8208	trigger	5
32.21484375	0	8248	trigger	1
32.37109375	0	8288	trigger	3
32.52734375	0	8328	trigger	2
32.68359375	0	8368	trigger	3
32.80859375	0	8400	trigger	2
32.96484375	0	8440	trigger	1
33.12109375	0	8480	trigger	4
33.27734375	0	8520	trigger	5
33.43359375	0	8560	trigger	3
33.58984375	0	8600	trigger	1
33.71484375	0	8632	trigger	5
33.87109375	0	8672	trigger	2
34.02734375	0	8712	trigger	4
34.18359375	0	8752	trigger	3
34.33984375	0	8792	trigger	2
34.49609375	0	8832	trigger	4
34.65234375	0	8872	trigger	5
34.77734375	0	8904	trigger	1
34.93359375	0	8944	trigger	3
35.08984375	0	8984	trigger	2
35.24609375	0	9024	trigger	1
35.40234375	0	9064	trigger	4
35.55859375	0	9104	trigger	5
35.71484375	0	9144	trigger	3
35.83984375	0	9176	trigger	5
35.99609375	0	9216	trigger	4
36.15234375	0	9256	trigger	1
36.30859375	0	9296	trigger	2
36.46484375	0	9336	trigger	5
36.58984375	0	9368	trigger	2
36.74609375	0	9408	trigger	3
36.90234375	0	9448	trigger	1
37.05859375	0	9488	trigger	4
37.21484375	0	9528	trigger	5
37.37109375	0	9568	trigger	1
37.49609375	0	9600	trigger	2
37.65234375	0	9640	trigger	3
37.80859375	0	9680	trigger	4
37.96484375	0	9720	trigger	2
38.12109375	0	9760	trigger	4
38.27734375	0	9800	trigger	5
38.43359375	0	9840	trigger	3
38.55859375	0	9872	trigger	1
38.71484375	0	9912	trigger	2
38.87109375	0	9952	trigger	3
39.02734375	0	9992	trigger	5
39.18359375	0	10032	trigger	4
39.30859375	0	10064	trigger	1
39.46484375	0	10104	trigger	4
39.62109375	0	10144	trigger	3
39.77734375	0	10184	trigger	2
39.93359375	0	10224	trigger	5
39.96484375	0	10232	trigger	200
44.96484375	0	11512	trigger	201
46.96484375	0	12024	trigger	202
48.96484375	0	12536	trigger	203
49.96484375	0	12792	trigger	104
49.99609375	0	12800	trigger	1
50.15234375	0	12840	trigger	4
50.27734375	0	12872	trigger	2
50.46484375	0	12920	trigger	5
50.58984375	0	12952	trigger	3
50.74609375	0	12992	trigger	2
50.90234375	0	13032	trigger	1
51.05859375	0	13072	trigger	3
51.21484375	0	13112	trigger	4
51.33984375	0	13144	trigger	5
51.49609375	0	13184	trigger	1
51.65234375	0	13224	trigger	2
51.80859375	0	13264	trigger	3
51.96484375	0	13304	trigger	4
52.08984375	0	13336	trigger	5
52.27734375	0	13384	trigger	2
52.40234375	0	13416	trigger	1
52.55859375	0	13456	trigger	5
52.71484375	0	13496	trigger	3
52.87109375	0	13536	trigger	4
53.02734375	0	13576	trigger	1
53.15234375	0	13608	trigger	5
53.30859375	0	13648	trigger	4
53.46484375	0	13688	trigger	2
53.62109375	0	13728	trigger	3
53.77734375	0	13768	trigger	4
53.93359375	0	13808	trigger	5
54.05859375	0	13840	trigger	1
54.24609375	0	13888	trigger	3
54.37109375	0	13920	trigger	2
54.52734375	0	13960	trigger	1
54.68359375	0	14000	trigger	5
54.83984375	0	14040	trigger	2
54.99609375	0	14080	trigger	4
55.12109375	0	14112	trigger	3
55.27734375	0	14152	trigger	5
55.43359375	0	14192	trigger	3
55.58984375	0	14232	trigger	1
55.74609375	0	14272	trigger	4
55.87109375	0	14304	trigger	2
56.05859375	0	14352	trigger	1
56.18359375	0	14384	trigger	5
56.33984375	0	14424	trigger	3
56.49609375	0	14464	trigger	2
56.65234375	0	14504	trigger	4
56.80859375	0	14544	trigger	5
56.93359375	0	14576	trigger	4
57.12109375	0	14624	trigger	2
57.24609375	0	14656	trigger	1
57.40234375	0	14696	trigger	3
57.55859375	0	14736	trigger	4
57.71484375	0	14776	trigger	2
57.83984375	0	14808	trigger	5
57.99609375	0	14848	trigger	1
58.15234375	0	14888	trigger	3
58.30859375	0	14928	trigger	4
58.46484375	0	14968	trigger	1
58.62109375	0	15008	trigger	5
58.77734375	0	15048	trigger	3
58.90234375	0	15080	trigger	2
59.05859375	0	15120	trigger	3
59.21484375	0	15160	trigger	1
59.37109375	0	15200	trigger	2
59.52734375	0	15240	trigger	4
59.68359375	0	15280	trigger	5
59.80859375	0	15312	trigger	3
59.96484375	0	15352	trigger	4
60.12109375	0	15392	trigger	2
60.27734375	0	15432	trigger	1
60.43359375	0	15472	trigger	5
60.58984375	0	15512	trigger	2
60.74609375	0	15552	trigger	4
60.87109375	0	15584	trigger	1
61.02734375	0	15624	trigger	3
61.18359375	0	15664	trigger	5
61.33984375	0	15704	trigger	4
61.49609375	0	15744	trigger	5
61.62109375	0	15776	trigger	3
61.77734375	0	15816	trigger	1
61.93359375	0	15856	trigger	2
62.08984375	0	15896	trigger	3
62.24609375	0	15936	trigger	2
62.37109375	0	15968	trigger	1
62.55859375	0	16016	trigger	5
62.68359375	0	16048	trigger	4
62.83984375	0	16088	trigger	3
62.99609375	0	16128	trigger	5
63.15234375	0	16168	trigger	1
63.30859375	0	16208	trigger	2
63.43359375	0	16240	trigger	4
63.62109375	0	16288	trigger	3
63.74609375	0	16320	trigger	1
63.90234375	0	16360	trigger	2
64.05859375	0	16400	trigger	5
64.21484375	0	16440	trigger	4
64.33984375	0	16472	trigger	2
64.49609375	0	16512	trigger	4
64.65234375	0	16552	trigger	5
64.80859375	0	16592	trigger	1
64.96484375	0	16632	trigger	3
65.12109375	0	16672	trigger	5
65.27734375	0	16712	trigger	1
65.40234375	0	16744	trigger	4
65.55859375	0	16784	trigger	3
65.71484375	0	16824	trigger	2
65.87109375	0	16864	trigger	5
66.02734375	0	16904	trigger	1
66.15234375	0	16936	trigger	4
66.30859375	0	16976	trigger	3
66.46484375	0	17016	trigger	2
66.62109375	0	17056	trigger	1
66.77734375	0	17096	trigger	3
66.93359375	0	17136	trigger	2
67.05859375	0	17168	trigger	4
67.24609375	0	17216	trigger	5
67.37109375	0	17248	trigger	3
67.52734375	0	17288	trigger	5
67.68359375	0	17328	trigger	4
67.83984375	0	17368	trigger	2
67.99609375	0	17408	trigger	1
68.12109375	0	17440	trigger	2
68.27734375	0	17480	trigger	5
68.43359375	0	17520	trigger	4
68.58984375	0	17560	trigger	1
68.74609375	0	17600	trigger	3
68.90234375	0	17640	trigger	5
69.05859375	0	17680	trigger	4
69.18359375	0	17712	trigger	1
69.33984375	0	17752	trigger	3
69.49609375	0	17792	trigger	2
69.65234375	0	17832	trigger	4
69.80859375	0	17872	trigger	2
69.96484375	0	17912	trigger	1
70.08984375	0	17944	trigger	3
70.24609375	0	17984	trigger	5
70.40234375	0	18024	trigger	2
70.55859375	0	18064	trigger	1
70.71484375	0	18104	trigger	3
70.83984375	0	18136	trigger	4
70.99609375	0	18176	trigger	5
71.15234375	0	18216	trigger	2
71.30859375	0	18256	trigger	3
71.46484375	0	18296	trigger	1
71.62109375	0	18336	trigger	5
71.74609375	0	18368	trigger	4
71.93359375	0	18416	trigger	2
72.05859375	0	18448	trigger	3
72.21484375	0	18488	trigger	1
72.37109375	0	18528	trigger	5
72.52734375	0	18568	trigger	4
72.68359375	0	18608	trigger	2
72.80859375	0	18640	trigger	4
72.96484375	0	18680	trigger	1
73.12109375	0	18720	trigger	3
73.27734375	0	18760	trigger	5
73.43359375	0	18800	trigger	4
73.55859375	0	18832	trigger	1
73.74609375	0	18880	trigger	3
73.87109375	0	18912	trigger	2
74.02734375	0	18952	trigger	5
74.18359375	0	18992	trigger	2
74.33984375	0	19032	trigger	1
74.49609375	0	19072	trigger	4
74.65234375	0	19112	trigger	5
74.77734375	0	19144	trigger	3
74.93359375	0	19184	trigger	2
75.08984375	0	19224	trigger	5
75.24609375	0	19264	trigger	3
75.40234375	0	19304	trigger	4
75.55859375	0	19344	trigger	1
75.71484375	0	19384	trigger	5
75.83984375	0	19416	trigger	2
75.99609375	0	19456	trigger	3
76.15234375	0	19496	trigger	1
76.30859375	0	19536	trigger	4
76.43359375	0	19568	trigger	2
76.62109375	0	19616	trigger	4
76.74609375	0	19648	trigger	3
76.90234375	0	19688	trigger	1
77.05859375	0	19728	trigger	5
77.21484375	0	19768	trigger	1
77.33984375	0	19800	trigger	4
77.52734375	0	19848	trigger	3
77.65234375	0	19880	trigger	2
77.80859375	0	19920	trigger	5
77.96484375	0	19960	trigger	3
78.12109375	0	20000	trigger	4
78.27734375	0	20040	trigger	5
78.40234375	0	20072	trigger	1
78.55859375	0	20112	trigger	2
78.71484375	0	20152	trigger	3
78.87109375	0	20192	trigger	2
79.02734375	0	20232	trigger	4
79.18359375	0	20272	trigger	1
79.30859375	0	20304	trigger	5
79.49609375	0	20352	trigger	2
79.62109375	0	20384	trigger	1
79.77734375	0	20424	trigger	3
79.93359375	0	20464	trigger	4
79.99609375	0	20480	trigger	200
84.99609375	0	21760	trigger	201
86.96484375	0	22264	trigger	202
88.99609375	0	22784	trigger	203
89.96484375	0	23032	trigger	101
89.99609375	0	23040	trigger	2
90.15234375	0	23080	trigger	3
90.30859375	0	23120	trigger	1
90.46484375	0	23160	trigger	4
90.58984375	0	23192	trigger	5
90.77734375	0	23240	trigger	4
90.90234375	0	23272	trigger	1
91.05859375	0	23312	trigger	2
91.21484375	0	23352	trigger	3
91.37109375	0	23392	trigger	5
91.52734375	0	23432	trigger	4
91.65234375	0	23464	trigger	5
91.80859375	0	23504	trigger	3
91.96484375	0	23544	trigger	1
92.12109375	0	23584	trigger	2
92.27734375	0	23624	trigger	4
92.40234375	0	23656	trigger	3
92.58984375	0	23704	trigger	2
92.71484375	0	23736	trigger	5
92.87109375	0	23776	trigger	1
93.02734375	0	23816	trigger	5
93.18359375	0	23856	trigger	1
93.33984375	0	23896	trigger	2
93.49609375	0	23936	trigger	3
93.62109375	0	23968	trigger	4
93.77734375	0	24008	trigger	1
93.93359375	0	24048	trigger	2
94.08984375	0	24088	trigger	3
94.24609375	0	24128	trigger	5
94.37109375	0	24160	trigger	4
94.52734375	0	24200	trigger	2
94.68359375	0	24240	trigger	4
94.83984375	0	24280	trigger	3
94.99609375	0	24320	trigger	1
95.15234375	0	24360	trigger	5
95.30859375	0	24400	trigger	3
95.43359375	0	24432	trigger	2
95.62109375	0	24480	trigger	1
95.74609375	0	24512	trigger	5
95.90234375	0	24552	trigger	4
96.05859375	0	24592	trigger	3
96.21484375	0	24632	trigger	5
96.37109375	0	24672	trigger	4
96.49609375	0	24704	trigger	1
96.65234375	0	24744	trigger	2
96.80859375	0	24784	trigger	4
96.96484375	0	24824	trigger	2
97.12109375	0	24864	trigger	3
97.27734375	0	24904	trigger	1
97.40234375	0	24936	trigger	5
97.55859375	0	24976	trigger	2
97.71484375	0	25016	trigger	5
97.87109375	0	25056	trigger	3
98.02734375	0	25096	trigger	1
98.18359375	0	25136	trigger	4
98.30859375	0	25168	trigger	3
98.46484375	0	25208	trigger	5
98.62109375	0	25248	trigger	1
98.77734375	0	25288	trigger	4
98.93359375	0	25328	trigger	2
99.08984375	0	25368	trigger	3
99.24609375	0	25408	trigger	4
99.37109375	0	25440	trigger	1
99.52734375	0	25480	trigger	2
99.68359375	0	25520	trigger	5
99.83984375	0	25560	trigger	2
99.99609375	0	25600	trigger	1
100.12109375	0	25632	trigger	5
100.30859375	0	25680	trigger	4
100.43359375	0	25712	trigger	3
100.58984375	0	25752	trigger	2
100.74609375	0	25792	trigger	4
100.90234375	0	25832	trigger	1
101.05859375	0	25872	trigger	3
101.18359375	0	25904	trigger	5
101.33984375	0	25944	trigger	1
101.49609375	0	25984	trigger	5
101.65234375	0	26024	trigger	2
101.80859375	0	26064	trigger	4
101.96484375	0	26104	trigger	3
102.08984375	0	26136	trigger	2
102.24609375	0	26176	trigger	5
102.40234375	0	26216	trigger	3
102.55859375	0	26256	trigger	1
102.71484375	0	26296	trigger	4
102.87109375	0	26336	trigger	1
103.02734375	0	26376	trigger	4
103.15234375	0	26408	trigger	5
103.30859375	0	26448	trigger	3
103.46484375	0	26488	trigger	2
103.62109375	0	26528	trigger	5
103.77734375	0	26568	trigger	2
103.93359375	0	26608	trigger	1
104.05859375	0	26640	trigger	4
104.21484375	0	26680	trigger	3
104.37109375	0	26720	trigger	1
104.52734375	0	26760	trigger	4
104.68359375	0	26800	trigger	5
104.80859375	0	26832	trigger	3
104.99609375	0	26880	trigger	2
105.12109375	0	26912	trigger	3
105.27734375	0	26952	trigger	4
105.43359375	0	26992	trigger	2
105.58984375	0	27032	trigger	5
105.74609375	0	27072	trigger	1
105.87109375	0	27104	trigger	3
106.02734375	0	27144	trigger	4
106.18359375	0	27184	trigger	5
106.33984375	0	27224	trigger	2
106.49609375	0	27264	trigger	1
106.62109375	0	27296	trigger	3
106.80859375	0	27344	trigger	1
106.93359375	0	27376	trigger	5
107.08984375	0	27416	trigger	2
107.24609375	0	27456	trigger	4
107.40234375	0	27496	trigger	2
107.55859375	0	27536	trigger	3
107.68359375	0	27568	trigger	1
107.83984375	0	27608	trigger	4
107.99609375	0	27648	trigger	5
108.15234375	0	27688	trigger	1
108.30859375	0	27728	trigger	2
108.46484375	0	27768	trigger	5
108.58984375	0	27800	trigger	4
108.74609375	0	27840	trigger	3
108.90234375	0	27880	trigger	1
109.05859375	0	27920	trigger	3
109.21484375	0	27960	trigger	2
109.37109375	0	28000	trigger	5
109.49609375	0	28032	trigger	4
109.68359375	0	28080	trigger	1
109.80859375	0	28112	trigger	4
109.96484375	0	28152	trigger	3
110.12109375	0	28192	trigger	2
110.27734375	0	28232	trigger	5
110.43359375	0	28272	trigger	2
110.55859375	0	28304	trigger	5
110.71484375	0	28344	trigger	3
110.87109375	0	28384	trigger	4
111.02734375	0	28424	trigger	1
111.15234375	0	28456	trigger	2
111.30859375	0	28496	trigger	1
111.46484375	0	28536	trigger	5
111.62109375	0	28576	trigger	3
111.77734375	0	28616	trigger	4
111.93359375	0	28656	trigger	5
112.08984375	0	28696	trigger	1
112.24609375	0	28736	trigger	4
112.37109375	0	28768	trigger	2
112.52734375	0	28808	trigger	3
112.68359375	0	28848	trigger	1
112.83984375	0	28888	trigger	5
112.99609375	0	28928	trigger	3
113.12109375	0	28960	trigger	4
113.27734375	0	29000	trigger	2
113.43359375	0	29040	trigger	5
113.58984375	0	29080	trigger	2
113.74609375	0	29120	trigger	4
113.87109375	0	29152	trigger	3
114.02734375	0	29192	trigger	1
114.18359375	0	29232	trigger	2
114.33984375	0	29272	trigger	5
114.49609375	0	29312	trigger	4
114.65234375	0	29352	trigger	1
114.80859375	0	29392	trigger	3
114.93359375	0	29424	trigger	2
115.08984375	0	29464	trigger	4
115.24609375	0	29504	trigger	1
115.40234375	0	29544	trigger	5
115.55859375	0	29584	trigger	3
115.71484375	0	29624	trigger	4
115.87109375	0	29664	trigger	5
115.99609375	0	29696	trigger	2
116.15234375	0	29736	trigger	1
116.30859375	0	29776	trigger	3
116.46484375	0	29816	trigger	2
116.58984375	0	29848	trigger	5
116.77734375	0	29896	trigger	1
116.90234375	0	29928	trigger	4
117.05859375	0	29968	trigger	3
117.21484375	0	30008	trigger	2
117.37109375	0	30048	trigger	3
117.52734375	0	30088	trigger	5
117.65234375	0	30120	trigger	1
117.80859375	0	30160	trigger	4
117.96484375	0	30200	trigger	3
118.12109375	0	30240	trigger	5
118.27734375	0	30280	trigger	1
118.43359375	0	30320	trigger	2
118.55859375	0	30352	trigger	4
118.71484375	0	30392	trigger	5
118.87109375	0	30432	trigger	2
119.02734375	0	30472	trigger	3
119.18359375	0	30512	trigger	4
119.33984375	0	30552	trigger	1
119.46484375	0	30584	trigger	5
119.62109375	0	30624	trigger	3
119.77734375	0	30664	trigger	1
119.93359375	0	30704	trigger	2
119.99609375	0	30720	trigger	200
124.99609375	0	32000	trigger	201
126.96484375	0	32504	trigger	202
128.99609375	0	33024	trigger	203
129.99609375	0	33280	trigger	104
130.15234375	0	33320	trigger	1
130.30859375	0	33360	trigger	2
130.46484375	0	33400	trigger	4
130.58984375	0	33432	trigger	3
130.77734375	0	33480	trigger	5
130.90234375	0	33512	trigger	2
131.05859375	0	33552	trigger	1
131.21484375	0	33592	trigger	4
131.37109375	0	33632	trigger	3
131.52734375	0	33672	trigger	5
131.65234375	0	33704	trigger	1
131.80859375	0	33744	trigger	2
131.96484375	0	33784	trigger	3
132.12109375	0	33824	trigger	4
132.27734375	0	33864	trigger	3
132.43359375	0	33904	trigger	4
132.58984375	0	33944	trigger	2
132.71484375	0	33976	trigger	5
132.87109375	0	34016	trigger	1
133.02734375	0	34056	trigger	4
133.18359375	0	34096	trigger	1
133.33984375	0	34136	trigger	3
133.46484375	0	34168	trigger	5
133.65234375	0	34216	trigger	2
133.77734375	0	34248	trigger	5
133.93359375	0	34288	trigger	2
134.08984375	0	34328	trigger	4
134.24609375	0	34368	trigger	3
134.40234375	0	34408	trigger	1
134.52734375	0	34440	trigger	2
134.68359375	0	34480	trigger	1
134.83984375	0	34520	trigger	5
134.99609375	0	34560	trigger	4
135.15234375	0	34600	trigger	3
135.30859375	0	34640	trigger	4
135.43359375	0	34672	trigger	5
135.62109375	0	34720	trigger	2
135.74609375	0	34752	trigger	3
135.90234375	0	34792	trigger	1
136.05859375	0	34832	trigger	4
136.21484375	0	34872	trigger	1
136.37109375	0	34912	trigger	3
136.49609375	0	34944	trigger	5
136.65234375	0	34984	trigger	2
136.80859375	0	35024	trigger	5
136.96484375	0	35064	trigger	1
137.12109375	0	35104	trigger	3
137.24609375	0	35136	trigger	2
137.43359375	0	35184	trigger	4
137.55859375	0	35216	trigger	3
137.71484375	0	35256	trigger	1
137.87109375	0	35296	trigger	4
138.02734375	0	35336	trigger	2
138.15234375	0	35368	trigger	5
138.30859375	0	35408	trigger	1
138.46484375	0	35448	trigger	5
138.62109375	0	35488	trigger	3
138.77734375	0	35528	trigger	4
138.93359375	0	35568	trigger	2
139.08984375	0	35608	trigger	4
139.21484375	0	35640	trigger	2
139.40234375	0	35688	trigger	3
139.52734375	0	35720	trigger	1
139.68359375	0	35760	trigger	5
139.83984375	0	35800	trigger	2
139.99609375	0	35840	trigger	1
140.12109375	0	35872	trigger	4
140.27734375	0	35912	trigger	3
140.43359375	0	35952	trigger	5
140.58984375	0	35992	trigger	4
140.74609375	0	36032	trigger	3
140.87109375	0	36064	trigger	1
141.05859375	0	36112	trigger	2
141.18359375	0	36144	trigger	5
141.33984375	0	36184	trigger	1
141.49609375	0	36224	trigger	3
141.65234375	0	36264	trigger	4
141.80859375	0	36304	trigger	2
141.93359375	0	36336	trigger	5
142.12109375	0	36384	trigger	3
142.24609375	0	36416	trigger	5
142.40234375	0	36456	trigger	4
142.55859375	0	36496	trigger	2
142.71484375	0	36536	trigger	1
142.87109375	0	36576	trigger	3
142.99609375	0	36608	trigger	1
143.15234375	0	36648	trigger	4
143.30859375	0	36688	trigger	2
143.46484375	0	36728	trigger	5
143.62109375	0	36768	trigger	4
143.77734375	0	36808	trigger	5
143.90234375	0	36840	trigger	3
144.08984375	0	36888	trigger	1
144.21484375	0	36920	trigger	2
144.37109375	0	36960	trigger	4
144.52734375	0	37000	trigger	1
144.68359375	0	37040	trigger	2
144.83984375	0	37080	trigger	3
144.96484375	0	37112	trigger	5
145.12109375	0	37152	trigger	2
145.27734375	0	37192	trigger	1
145.43359375	0	37232	trigger	3
145.55859375	0	37264	trigger	4
145.74609375	0	37312	trigger	5
145.87109375	0	37344	trigger	3
146.02734375	0	37384	trigger	5
146.18359375	0	37424	trigger	1
146.33984375	0	37464	trigger	4
146.49609375	0	37504	trigger	2
146.62109375	0	37536	trigger	3
146.77734375	0	37576	trigger	1
146.93359375	0	37616	trigger	5
147.08984375	0	37656	trigger	2
147.24609375	0	37696	trigger	4
147.40234375	0	37736	trigger	5
147.52734375	0	37768	trigger	1
147.71484375	0	37816	trigger	3
147.83984375	0	37848	trigger	2
147.99609375	0	37888	trigger	4
148.15234375	0	37928	trigger	1
148.30859375	0	37968	trigger	5
148.43359375	0	38000	trigger	3
148.58984375	0	38040	trigger	4
148.74609375	0	38080	trigger	2
148.90234375	0	38120	trigger	3
149.05859375	0	38160	trigger	4
149.18359375	0	38192	trigger	5
149.37109375	0	38240	trigger	1
149.49609375	0	38272	trigger	2
149.65234375	0	38312	trigger	1
149.80859375	0	38352	trigger	2
149.96484375	0	38392	trigger	3
150.12109375	0	38432	trigger	5
150.24609375	0	38464	trigger	4
150.40234375	0	38504	trigger	2
150.55859375	0	38544	trigger	3
150.71484375	0	38584	trigger	5
150.87109375	0	38624	trigger	4
151.02734375	0	38664	trigger	1
151.18359375	0	38704	trigger	4
151.30859375	0	38736	trigger	2
151.46484375	0	38776	trigger	3
151.62109375	0	38816	trigger	1
151.77734375	0	38856	trigger	5
151.93359375	0	38896	trigger	2
152.08984375	0	38936	trigger	4
152.21484375	0	38968	trigger	5
152.37109375	0	39008	trigger	1
152.52734375	0	39048	trigger	3
152.68359375	0	39088	trigger	5
152.83984375	0	39128	trigger	3
152.96484375	0	39160	trigger	4
153.15234375	0	39208	trigger	2
153.27734375	0	39240	trigger	1
153.43359375	0	39280	trigger	3
153.58984375	0	39320	trigger	4
153.74609375	0	39360	trigger	5
153.90234375	0	39400	trigger	1
154.02734375	0	39432	trigger	2
154.21484375	0	39480	trigger	5
154.33984375	0	39512	trigger	2
154.49609375	0	39552	trigger	3
154.65234375	0	39592	trigger	1
154.80859375	0	39632	trigger	4
154.96484375	0	39672	trigger	3
155.08984375	0	39704	trigger	5
155.24609375	0	39744	trigger	2
155.40234375	0	39784	trigger	1
155.55859375	0	39824	trigger	4
155.71484375	0	39864	trigger	3
155.87109375	0	39904	trigger	1
155.99609375	0	39936	trigger	5
156.18359375	0	39984	trigger	2
156.30859375	0	40016	trigger	4
156.46484375	0	40056	trigger	3
156.58984375	0	40088	trigger	2
156.77734375	0	40136	trigger	5
156.90234375	0	40168	trigger	1
157.05859375	0	40208	trigger	4
157.21484375	0	40248	trigger	5
157.37109375	0	40288	trigger	1
157.52734375	0	40328	trigger	3
157.68359375	0	40368	trigger	4
157.80859375	0	40400	trigger	2
157.96484375	0	40440	trigger	3
158.12109375	0	40480	trigger	2
158.27734375	0	40520	trigger	1
158.43359375	0	40560	trigger	4
158.58984375	0	40600	trigger	5
158.74609375	0	40640	trigger	3
158.87109375	0	40672	trigger	4
159.02734375	0	40712	trigger	2
159.18359375	0	40752	trigger	5
159.33984375	0	40792	trigger	1
159.49609375	0	40832	trigger	4
159.62109375	0	40864	trigger	1
159.77734375	0	40904	trigger	2
159.93359375	0	40944	trigger	3
159.96484375	0	40952	trigger	200
164.99609375	0	42240	trigger	201
166.99609375	0	42752	trigger	202
168.99609375	0	43264	trigger	203
169.96484375	0	43512	trigger	102
169.99609375	0	43520	trigger	5
170.15234375	0	43560	trigger	2
170.30859375	0	43600	trigger	1
170.46484375	0	43640	trigger	4
170.58984375	0	43672	trigger	3
170.77734375	0	43720	trigger	5
170.90234375	0	43752	trigger	1
171.05859375	0	43792	trigger	3
171.21484375	0	43832	trigger	4
171.37109375	0	43872	trigger	2
171.52734375	0	43912	trigger	1
171.65234375	0	43944	trigger	4
171.80859375	0	43984	trigger	5
171.96484375	0	44024	trigger	2
172.12109375	0	44064	trigger	3
172.27734375	0	44104	trigger	2
172.43359375	0	44144	trigger	3
172.55859375	0	44176	trigger	4
172.71484375	0	44216	trigger	1
172.87109375	0	44256	trigger	5
173.02734375	0	44296	trigger	3
173.18359375	0	44336	trigger	4
173.33984375	0	44376	trigger	1
173.46484375	0	44408	trigger	2
173.62109375	0	44448	trigger	5
173.77734375	0	44488	trigger	4
173.93359375	0	44528	trigger	5
174.08984375	0	44568	trigger	3
174.21484375	0	44600	trigger	1
174.40234375	0	44648	trigger	2
174.52734375	0	44680	trigger	4
174.68359375	0	44720	trigger	2
174.83984375	0	44760	trigger	5
174.99609375	0	44800	trigger	1
175.12109375	0	44832	trigger	3
175.27734375	0	44872	trigger	4
175.43359375	0	44912	trigger	1
175.58984375	0	44952	trigger	5
175.74609375	0	44992	trigger	2
175.90234375	0	45032	trigger	3
176.05859375	0	45072	trigger	2
176.18359375	0	45104	trigger	3
176.33984375	0	45144	trigger	5
176.49609375	0	45184	trigger	1
176.65234375	0	45224	trigger	4
176.80859375	0	45264	trigger	2
176.96484375	0	45304	trigger	4
177.12109375	0	45344	trigger	5
177.24609375	0	45376	trigger	3
177.40234375	0	45416	trigger	1
177.55859375	0	45456	trigger	3
177.71484375	0	45496	trigger	1
177.87109375	0	45536	trigger	5
177.99609375	0	45568	trigger	4
178.15234375	0	45608	trigger	2
178.30859375	0	45648	trigger	5
178.46484375	0	45688	trigger	3
178.62109375	0	45728	trigger	1
178.77734375	0	45768	trigger	2
178.93359375	0	45808	trigger	4
179.05859375	0	45840	trigger	5
179.21484375	0	45880	trigger	4
179.37109375	0	45920	trigger	1
179.52734375	0	45960	trigger	3
179.68359375	0	46000	trigger	2
179.83984375	0	46040	trigger	1
179.96484375	0	46072	trigger	3
180.12109375	0	46112	trigger	5
180.27734375	0	46152	trigger	4
180.43359375	0	46192	trigger	2
180.55859375	0	46224	trigger	5
180.74609375	0	46272	trigger	2
180.87109375	0	46304	trigger	3
181.02734375	0	46344	trigger	1
181.18359375	0	46384	trigger	4
181.33984375	0	46424	trigger	2
181.49609375	0	46464	trigger	3
181.62109375	0	46496	trigger	1
181.80859375	0	46544	trigger	5
181.93359375	0	46576	trigger	4
182.08984375	0	46616	trigger	5
182.24609375	0	46656	trigger	3
182.40234375	0	46696	trigger	1
182.52734375	0	46728	trigger	2
182.71484375	0	46776	trigger	4
182.83984375	0	46808	trigger	5
182.99609375	0	46848	trigger	4
183.15234375	0	46888	trigger	3
183.30859375	0	46928	trigger	1
183.46484375	0	46968	trigger	2
183.58984375	0	47000	trigger	4
183.74609375	0	47040	trigger	2
183.90234375	0	47080	trigger	3
184.05859375	0	47120	trigger	1
184.21484375	0	47160	trigger	5
184.37109375	0	47200	trigger	1
184.49609375	0	47232	trigger	2
184.68359375	0	47280	trigger	4
184.80859375	0	47312	trigger	3
184.96484375	0	47352	trigger	5
185.12109375	0	47392	trigger	1
185.27734375	0	47432	trigger	5
185.43359375	0	47472	trigger	3
185.55859375	0	47504	trigger	4
185.71484375	0	47544	trigger	2
185.87109375	0	47584	trigger	3
186.02734375	0	47624	trigger	2
186.18359375	0	47664	trigger	4
186.33984375	0	47704	trigger	5
186.49609375	0	47744	trigger	1
186.62109375	0	47776	trigger	3
186.77734375	0	47816	trigger	1
186.93359375	0	47856	trigger	2
187.08984375	0	47896	trigger	5
187.21484375	0	47928	trigger	4
187.40234375	0	47976	trigger	5
187.52734375	0	48008	trigger	4
187.68359375	0	48048	trigger	1
187.83984375	0	48088	trigger	3
187.99609375	0	48128	trigger	2
188.12109375	0	48160	trigger	3
188.30859375	0	48208	trigger	4
188.43359375	0	48240	trigger	5
188.58984375	0	48280	trigger	2
188.74609375	0	48320	trigger	1
188.90234375	0	48360	trigger	4
189.05859375	0	48400	trigger	2
189.21484375	0	48440	trigger	3
189.37109375	0	48480	trigger	1
189.49609375	0	48512	trigger	5
189.65234375	0	48552	trigger	1
189.80859375	0	48592	trigger	5
189.96484375	0	48632	trigger	2
190.08984375	0	48664	trigger	3
190.27734375	0	48712	trigger	4
190.40234375	0	48744	trigger	3
190.55859375	0	48784	trigger	1
190.71484375	0	48824	trigger	5
190.87109375	0	48864	trigger	2
191.02734375	0	48904	trigger	4
191.15234375	0	48936	trigger	2
191.30859375	0	48976	trigger	5
191.46484375	0	49016	trigger	1
191.62109375	0	49056	trigger	3
191.77734375	0	49096	trigger	4
191.93359375	0	49136	trigger	2
192.05859375	0	49168	trigger	4
192.24609375	0	49216	trigger	5
192.37109375	0	49248	trigger	3
192.52734375	0	49288	trigger	1
192.68359375	0	49328	trigger	2
192.83984375	0	49368	trigger	1
192.99609375	0	49408	trigger	4
193.12109375	0	49440	trigger	3
193.27734375	0	49480	trigger	5
193.43359375	0	49520	trigger	1
193.58984375	0	49560	trigger	5
193.74609375	0	49600	trigger	4
193.90234375	0	49640	trigger	3
194.02734375	0	49672	trigger	2
194.18359375	0	49712	trigger	5
194.33984375	0	49752	trigger	2
194.49609375	0	49792	trigger	4
194.65234375	0	49832	trigger	3
194.80859375	0	49872	trigger	1
194.93359375	0	49904	trigger	5
195.08984375	0	49944	trigger	4
195.24609375	0	49984	trigger	3
195.40234375	0	50024	trigger	1
195.55859375	0	50064	trigger	2
195.68359375	0	50096	trigger	5
195.87109375	0	50144	trigger	2
195.99609375	0	50176	trigger	1
196.15234375	0	50216	trigger	4
196.30859375	0	50256	trigger	3
196.46484375	0	50296	trigger	5
196.62109375	0	50336	trigger	3
196.74609375	0	50368	trigger	2
196.90234375	0	50408	trigger	1
197.05859375	0	50448	trigger	4
197.21484375	0	50488	trigger	2
197.37109375	0	50528	trigger	3
197.52734375	0	50568	trigger	1
197.65234375	0	50600	trigger	4
197.80859375	0	50640	trigger	5
197.96484375	0	50680	trigger	4
198.12109375	0	50720	trigger	1
198.27734375	0	50760	trigger	5
198.43359375	0	50800	trigger	2
198.55859375	0	50832	trigger	3
198.71484375	0	50872	trigger	5
198.87109375	0	50912	trigger	1
199.02734375	0	50952	trigger	4
199.18359375	0	50992	trigger	2
199.30859375	0	51024	trigger	3
199.49609375	0	51072	trigger	1
199.62109375	0	51104	trigger	3
199.77734375	0	51144	trigger	2
199.93359375	0	51184	trigger	4
199.99609375	0	51200	trigger	200
204.99609375	0	52480	trigger	201
206.99609375	0	52992	trigger	202
208.99609375	0	53504	trigger	203
209.99609375	0	53760	trigger	103
210.15234375	0	53800	trigger	3
210.30859375	0	53840	trigger	2
210.46484375	0	53880	trigger	1
210.58984375	0	53912	trigger	4
210.74609375	0	53952	trigger	3
210.90234375	0	53992	trigger	2
211.05859375	0	54032	trigger	1
211.21484375	0	54072	trigger	4
211.37109375	0	54112	trigger	5
211.52734375	0	54152	trigger	4
211.65234375	0	54184	trigger	2
211.80859375	0	54224	trigger	3
211.96484375	0	54264	trigger	5
212.12109375	0	54304	trigger	1
212.27734375	0	54344	trigger	4
212.43359375	0	54384	trigger	1
212.55859375	0	54416	trigger	2
212.74609375	0	54464	trigger	5
212.87109375	0	54496	trigger	3
213.02734375	0	54536	trigger	2
213.18359375	0	54576	trigger	3
213.33984375	0	54616	trigger	1
213.49609375	0	54656	trigger	4
213.62109375	0	54688	trigger	5
213.77734375	0	54728	trigger	1
213.93359375	0	54768	trigger	5
214.08984375	0	54808	trigger	3
214.24609375	0	54848	trigger	2
214.37109375	0	54880	trigger	4
214.55859375	0	54928	trigger	2
214.68359375	0	54960	trigger	4
214.83984375	0	55000	trigger	3
214.99609375	0	55040	trigger	5
215.15234375	0	55080	trigger	1
215.30859375	0	55120	trigger	2
215.43359375	0	55152	trigger	4
215.58984375	0	55192	trigger	1
215.74609375	0	55232	trigger	5
215.90234375	0	55272	trigger	3
216.05859375	0	55312	trigger	1
216.21484375	0	55352	trigger	4
216.33984375	0	55384	trigger	2
216.49609375	0	55424	trigger	3
216.65234375	0	55464	trigger	5
216.80859375	0	55504	trigger	2
216.96484375	0	55544	trigger	5
217.12109375	0	55584	trigger	3
217.27734375	0	55624	trigger	1
217.40234375	0	55656	trigger	4
217.55859375	0	55696	trigger	5
217.71484375	0	55736	trigger	4
217.87109375	0	55776	trigger	2
217.99609375	0	55808	trigger	3
218.18359375	0	55856	trigger	1
218.30859375	0	55888	trigger	4
218.46484375	0	55928	trigger	2
218.62109375	0	55968	trigger	5
218.77734375	0	56008	trigger	1
218.93359375	0	56048	trigger	3
219.08984375	0	56088	trigger	2
219.21484375	0	56120	trigger	1
219.37109375	0	56160	trigger	5
219.52734375	0	56200	trigger	4
219.68359375	0	56240	trigger	3
219.80859375	0	56272	trigger	1
219.99609375	0	56320	trigger	4
220.12109375	0	56352	trigger	3
220.27734375	0	56392	trigger	5
220.43359375	0	56432	trigger	2
220.58984375	0	56472	trigger	4
220.74609375	0	56512	trigger	2
220.87109375	0	56544	trigger	5
221.05859375	0	56592	trigger	1
221.18359375	0	56624	trigger	3
221.33984375	0	56664	trigger	2
221.49609375	0	56704	trigger	3
221.65234375	0	56744	trigger	5
221.80859375	0	56784	trigger	4
221.93359375	0	56816	trigger	1
222.08984375	0	56856	trigger	4
222.24609375	0	56896	trigger	1
222.40234375	0	56936	trigger	3
222.52734375	0	56968	trigger	5
222.71484375	0	57016	trigger	2
222.83984375	0	57048	trigger	5
222.99609375	0	57088	trigger	3
223.15234375	0	57128	trigger	1
223.30859375	0	57168	trigger	4
223.46484375	0	57208	trigger	2
223.62109375	0	57248	trigger	1
223.77734375	0	57288	trigger	5
223.90234375	0	57320	trigger	2
224.05859375	0	57360	trigger	4
224.21484375	0	57400	trigger	3
224.37109375	0	57440	trigger	2
224.52734375	0	57480	trigger	1
224.65234375	0	57512	trigger	5
224.80859375	0	57552	trigger	4
224.96484375	0	57592	trigger	3
225.12109375	0	57632	trigger	4
225.27734375	0	57672	trigger	3
225.43359375	0	57712	trigger	2
225.58984375	0	57752	trigger	5
225.71484375	0	57784	trigger	1
225.87109375	0	57824	trigger	2
226.02734375	0	57864	trigger	1
226.18359375	0	57904	trigger	3
226.33984375	0	57944	trigger	5
226.49609375	0	57984	trigger	4
226.62109375	0	58016	trigger	3
226.77734375	0	58056	trigger	2
226.93359375	0	58096	trigger	5
227.08984375	0	58136	trigger	1
227.24609375	0	58176	trigger	4
227.40234375	0	58216	trigger	1
227.52734375	0	58248	trigger	3
227.68359375	0	58288	trigger	4
227.83984375	0	58328	trigger	2
227.99609375	0	58368	trigger	5
228.15234375	0	58408	trigger	3
228.30859375	0	58448	trigger	2
228.43359375	0	58480	trigger	1
228.58984375	0	58520	trigger	5
228.74609375	0	58560	trigger	4
228.90234375	0	58600	trigger	1
229.05859375	0	58640	trigger	2
229.18359375	0	58672	trigger	3
229.33984375	0	58712	trigger	4
229.49609375	0	58752	trigger	5
229.65234375	0	58792	trigger	4
229.80859375	0	58832	trigger	1
229.93359375	0	58864	trigger	3
230.08984375	0	58904	trigger	2
230.24609375	0	58944	trigger	5
230.40234375	0	58984	trigger	2
230.55859375	0	59024	trigger	5
230.71484375	0	59064	trigger	1
230.87109375	0	59104	trigger	4
230.99609375	0	59136	trigger	3
231.15234375	0	59176	trigger	1
231.30859375	0	59216	trigger	2
231.46484375	0	59256	trigger	5
231.62109375	0	59296	trigger	4
231.77734375	0	59336	trigger	3
231.90234375	0	59368	trigger	2
232.05859375	0	59408	trigger	1
232.21484375	0	59448	trigger	4
232.37109375	0	59488	trigger	3
232.52734375	0	59528	trigger	5
232.65234375	0	59560	trigger	1
232.80859375	0	59600	trigger	5
232.96484375	0	59640	trigger	4
233.12109375	0	59680	trigger	2
233.27734375	0	59720	trigger	3
233.43359375	0	59760	trigger	2
233.58984375	0	59800	trigger	3
233.71484375	0	59832	trigger	1
233.90234375	0	59880	trigger	4
234.02734375	0	59912	trigger	5
234.18359375	0	59952	trigger	3
234.33984375	0	59992	trigger	4
234.46484375	0	60024	trigger	5
234.65234375	0	60072	trigger	2
234.77734375	0	60104	trigger	1
234.93359375	0	60144	trigger	3
235.08984375	0	60184	trigger	1
235.24609375	0	60224	trigger	5
235.40234375	0	60264	trigger	2
235.52734375	0	60296	trigger	4
235.71484375	0	60344	trigger	3
235.83984375	0	60376	trigger	5
235.99609375	0	60416	trigger	2
236.15234375	0	60456	trigger	1
236.30859375	0	60496	trigger	4
236.46484375	0	60536	trigger	5
236.58984375	0	60568	trigger	4
236.74609375	0	60608	trigger	2
236.90234375	0	60648	trigger	3
237.05859375	0	60688	trigger	1
237.21484375	0	60728	trigger	5
237.33984375	0	60760	trigger	1
237.52734375	0	60808	trigger	4
237.65234375	0	60840	trigger	3
237.80859375	0	60880	trigger	2
237.96484375	0	60920	trigger	5
238.12109375	0	60960	trigger	1
238.27734375	0	61000	trigger	3
238.40234375	0	61032	trigger	2
238.58984375	0	61080	trigger	4
238.71484375	0	61112	trigger	2
238.87109375	0	61152	trigger	4
239.02734375	0	61192	trigger	3
239.18359375	0	61232	trigger	1
239.30859375	0	61264	trigger	5
239.49609375	0	61312	trigger	3
239.62109375	0	61344	trigger	1
239.77734375	0	61384	trigger	5
239.93359375	0	61424	trigger	4
239.96484375	0	61432	trigger	200
244.99609375	0	62720	trigger	201
246.99609375	0	63232	trigger	202
248.99609375	0	63744	trigger	203
249.99609375	0	64000	trigger	103
250.15234375	0	64040	trigger	2
250.30859375	0	64080	trigger	1
250.46484375	0	64120	trigger	4
250.58984375	0	64152	trigger	3
250.74609375	0	64192	trigger	1
250.90234375	0	64232	trigger	2
251.05859375	0	64272	trigger	4
251.21484375	0	64312	trigger	3
251.37109375	0	64352	trigger	5
251.49609375	0	64384	trigger	2
251.65234375	0	64424	trigger	5
251.80859375	0	64464	trigger	1
251.96484375	0	64504	trigger	4
252.08984375	0	64536	trigger	3
252.27734375	0	64584	trigger	1
252.40234375	0	64616	trigger	2
252.55859375	0	64656	trigger	4
252.71484375	0	64696	trigger	3
252.87109375	0	64736	trigger	5
253.02734375	0	64776	trigger	4
253.15234375	0	64808	trigger	5
253.30859375	0	64848	trigger	2
253.46484375	0	64888	trigger	1
253.62109375	0	64928	trigger	3
253.77734375	0	64968	trigger	5
253.90234375	0	65000	trigger	1
254.08984375	0	65048	trigger	3
254.21484375	0	65080	trigger	4
254.37109375	0	65120	trigger	2
254.52734375	0	65160	trigger	1
254.68359375	0	65200	trigger	2
254.83984375	0	65240	trigger	5
254.96484375	0	65272	trigger	4
255.12109375	0	65312	trigger	3
255.27734375	0	65352	trigger	4
255.43359375	0	65392	trigger	3
255.58984375	0	65432	trigger	5
255.74609375	0	65472	trigger	1
255.90234375	0	65512	trigger	2
256.02734375	0	65544	trigger	4
256.18359375	0	65584	trigger	5
256.33984375	0	65624	trigger	3
256.49609375	0	65664	trigger	2
256.65234375	0	65704	trigger	1
256.77734375	0	65736	trigger	2
256.93359375	0	65776	trigger	4
257.08984375	0	65816	trigger	1
257.24609375	0	65856	trigger	3
257.40234375	0	65896	trigger	5
257.55859375	0	65936	trigger	4
257.68359375	0	65968	trigger	1
257.83984375	0	66008	trigger	3
257.99609375	0	66048	trigger	2
258.15234375	0	66088	trigger	5
258.30859375	0	66128	trigger	2
258.43359375	0	66160	trigger	5
258.62109375	0	66208	trigger	3
258.74609375	0	66240	trigger	4
258.90234375	0	66280	trigger	1
259.05859375	0	66320	trigger	3
259.21484375	0	66360	trigger	2
259.37109375	0	66400	trigger	4
259.49609375	0	66432	trigger	1
259.65234375	0	66472	trigger	5
259.80859375	0	66512	trigger	1
259.96484375	0	66552	trigger	4
260.12109375	0	66592	trigger	5
260.27734375	0	66632	trigger	3
260.40234375	0	66664	trigger	2
260.58984375	0	66712	trigger	5
260.71484375	0	66744	trigger	3
260.87109375	0	66784	trigger	1
261.02734375	0	66824	trigger	4
261.18359375	0	66864	trigger	2
261.30859375	0	66896	trigger	4
261.46484375	0	66936	trigger	2
261.62109375	0	66976	trigger	3
261.77734375	0	67016	trigger	1
261.93359375	0	67056	trigger	5
262.08984375	0	67096	trigger	1
262.24609375	0	67136	trigger	3
262.37109375	0	67168	trigger	4
262.52734375	0	67208	trigger	5
262.68359375	0	67248	trigger	2
262.83984375	0	67288	trigger	4
262.99609375	0	67328	trigger	3
263.15234375	0	67368	trigger	2
263.30859375	0	67408	trigger	1
263.43359375	0	67440	trigger	5
263.58984375	0	67480	trigger	2
263.74609375	0	67520	trigger	4
263.90234375	0	67560	trigger	3
264.05859375	0	67600	trigger	5
264.21484375	0	67640	trigger	1
264.33984375	0	67672	trigger	4
264.49609375	0	67712	trigger	1
264.65234375	0	67752	trigger	3
264.80859375	0	67792	trigger	5
264.96484375	0	67832	trigger	2
265.12109375	0	67872	trigger	5
265.24609375	0	67904	trigger	3
265.40234375	0	67944	trigger	4
265.55859375	0	67984	trigger	1
265.71484375	0	68024	trigger	2
265.87109375	0	68064	trigger	3
266.02734375	0	68104	trigger	5
266.18359375	0	68144	trigger	2
266.30859375	0	68176	trigger	4
266.46484375	0	68216	trigger	1
266.62109375	0	68256	trigger	5
266.77734375	0	68296	trigger	4
266.90234375	0	68328	trigger	3
267.08984375	0	68376	trigger	1
267.21484375	0	68408	trigger	2
267.37109375	0	68448	trigger	1
267.52734375	0	68488	trigger	2
267.68359375	0	68528	trigger	3
267.83984375	0	68568	trigger	5
267.99609375	0	68608	trigger	4
268.12109375	0	68640	trigger	3
268.27734375	0	68680	trigger	4
268.43359375	0	68720	trigger	5
268.58984375	0	68760	trigger	2
268.74609375	0	68800	trigger	1
268.90234375	0	68840	trigger	3
269.05859375	0	68880	trigger	1
269.18359375	0	68912	trigger	5
269.33984375	0	68952	trigger	4
269.49609375	0	68992	trigger	2
269.65234375	0	69032	trigger	4
269.80859375	0	69072	trigger	2
269.96484375	0	69112	trigger	1
270.08984375	0	69144	trigger	3
270.24609375	0	69184	trigger	5
270.40234375	0	69224	trigger	4
270.55859375	0	69264	trigger	5
270.71484375	0	69304	trigger	2
270.83984375	0	69336	trigger	1
271.02734375	0	69384	trigger	3
271.15234375	0	69416	trigger	1
271.30859375	0	69456	trigger	3
271.46484375	0	69496	trigger	2
271.62109375	0	69536	trigger	4
271.74609375	0	69568	trigger	5
271.93359375	0	69616	trigger	3
272.05859375	0	69648	trigger	5
272.21484375	0	69688	trigger	1
272.37109375	0	69728	trigger	2
272.52734375	0	69768	trigger	4
272.68359375	0	69808	trigger	2
272.80859375	0	69840	trigger	5
272.96484375	0	69880	trigger	4
273.12109375	0	69920	trigger	1
273.27734375	0	69960	trigger	3
273.43359375	0	70000	trigger	1
273.58984375	0	70040	trigger	4
273.74609375	0	70080	trigger	3
273.90234375	0	70120	trigger	2
274.02734375	0	70152	trigger	5
274.18359375	0	70192	trigger	1
274.33984375	0	70232	trigger	5
274.49609375	0	70272	trigger	4
274.65234375	0	70312	trigger	3
274.80859375	0	70352	trigger	2
274.96484375	0	70392	trigger	3
275.08984375	0	70424	trigger	4
275.24609375	0	70464	trigger	2
275.40234375	0	70504	trigger	5
275.55859375	0	70544	trigger	1
275.68359375	0	70576	trigger	3
275.83984375	0	70616	trigger	1
275.99609375	0	70656	trigger	5
276.15234375	0	70696	trigger	2
276.30859375	0	70736	trigger	4
276.46484375	0	70776	trigger	1
276.62109375	0	70816	trigger	5
276.74609375	0	70848	trigger	3
276.93359375	0	70896	trigger	4
277.05859375	0	70928	trigger	2
277.21484375	0	70968	trigger	5
277.37109375	0	71008	trigger	2
277.52734375	0	71048	trigger	1
277.68359375	0	71088	trigger	4
277.80859375	0	71120	trigger	3
277.96484375	0	71160	trigger	4
278.12109375	0	71200	trigger	3
278.27734375	0	71240	trigger	2
278.43359375	0	71280	trigger	5
278.58984375	0	71320	trigger	1
278.71484375	0	71352	trigger	2
278.87109375	0	71392	trigger	1
279.02734375	0	71432	trigger	3
279.18359375	0	71472	trigger	4
279.33984375	0	71512	trigger	5
279.46484375	0	71544	trigger	3
279.65234375	0	71592	trigger	1
279.77734375	0	71624	trigger	5
279.93359375	0	71664	trigger	4
279.99609375	0	71680	trigger	200
